{"cameraMode":{"drawMode":0,"name":"Shaded","section":"Shading Mode"},"sceneLighting":true,"audioPlay":false,"sceneViewState":{"showFog":true,"showMaterialUpdate":false,"showSkybox":true,"showFlares":true,"showImageEffects":true,"showParticleSystems":true},"in2DMode":false,"pivot":{"x":0.16067707538604737,"y":0.32424163818359377,"z":0.4221458435058594},"rotation":{"x":-0.00026967350277118385,"y":0.9743877053260803,"z":-0.22487159073352815,"w":-0.0011683700140565634},"size":10.7528076171875,"orthographic":false}